tiff_file,x,y,ground_truth
Thermal_47,70,60,24.4
Thermal_47,168,107,30.5
Thermal_47,179,28,19.3
Thermal_47,21,62,24.4
Thermal_47,55,169,29.9
Thermal_47,119,179,30.0
Thermal_47,73,62,24.8
Thermal_47,165,33,19.9
Thermal_47,141,111,32.3
Thermal_47,90,122,31.5
Thermal_99,152,175,34.6
Thermal_99,45,84,32.3
Thermal_99,157,178,34.4
Thermal_99,25,137,33.5
Thermal_99,188,247,33.9
Thermal_99,67,5,31.5
Thermal_99,10,161,33.9
Thermal_99,147,135,32.5
Thermal_99,13,213,33.1
Thermal_99,106,13,31.5
Thermal_106,180,236,37.8
Thermal_106,190,133,34.3
Thermal_106,110,49,30.5
Thermal_106,102,55,32.9
Thermal_106,183,189,37.5
Thermal_106,97,13,25.0
Thermal_106,44,175,36.7
Thermal_106,31,10,25.0
Thermal_106,30,15,25.6
Thermal_106,88,52,32.4
Thermal_207,180,115,30.4
Thermal_207,132,31,30.0
Thermal_207,160,181,33.9
Thermal_207,10,221,33.0
Thermal_207,70,5,29.3
Thermal_207,172,229,33.5
Thermal_207,3,56,29.0
Thermal_207,29,186,33.5
Thermal_207,3,165,33.1
Thermal_207,107,5,29.2
Thermal_122,2,185,29.6
Thermal_122,180,15,23.3
Thermal_122,95,79,33.6
Thermal_122,24,177,30.9
Thermal_122,39,140,30.9
Thermal_122,145,2,21.6
Thermal_122,11,245,38.4
Thermal_122,188,203,38.1
Thermal_122,11,35,30.4
Thermal_122,52,209,37.3
Thermal_82,131,173,29.5
Thermal_82,160,182,29.5
Thermal_82,15,16,26.3
Thermal_82,98,209,28.5
Thermal_82,71,186,28.4
Thermal_82,45,128,25.6
Thermal_82,78,212,28.3
Thermal_82,141,57,26.2
Thermal_82,23,170,25.4
Thermal_82,149,60,26.2
Thermal_217,49,43,30.7
Thermal_217,7,128,27.2
Thermal_217,98,11,29.7
Thermal_217,61,177,27.8
Thermal_217,165,21,25.9
Thermal_217,149,174,27.7
Thermal_217,112,3,27.5
Thermal_217,56,167,27.8
Thermal_217,65,138,28.0
Thermal_217,55,69,27.0
Thermal_172,123,183,30.5
Thermal_172,179,235,31.0
Thermal_172,174,69,32.2
Thermal_172,155,133,31.6
Thermal_172,48,236,30.3
Thermal_172,111,126,32.2
Thermal_172,59,181,30.0
Thermal_172,105,105,31.9
Thermal_172,94,245,30.5
Thermal_172,27,74,25.4
Thermal_110,113,40,26.3
Thermal_110,143,213,36.7
Thermal_110,164,137,26.3
Thermal_110,12,22,24.0
Thermal_110,29,6,22.9
Thermal_110,150,241,37.4
Thermal_110,61,243,32.1
Thermal_110,73,39,26.9
Thermal_110,111,10,23.0
Thermal_110,182,2,22.6
Thermal_173,176,113,31.9
Thermal_173,58,255,30.5
Thermal_173,163,54,32.7
Thermal_173,33,187,30.0
Thermal_173,172,194,30.9
Thermal_173,137,203,30.4
Thermal_173,115,210,33.5
Thermal_173,69,21,31.5
Thermal_173,116,233,30.9
Thermal_173,128,149,30.7
Thermal_167,0,174,29.5
Thermal_167,160,163,31.0
Thermal_167,60,80,33.5
Thermal_167,3,142,27.8
Thermal_167,60,190,30.7
Thermal_167,93,129,33.3
Thermal_167,14,34,25.8
Thermal_167,119,155,31.7
Thermal_167,9,120,29.3
Thermal_167,181,232,31.2
Thermal_128,17,34,31.7
Thermal_128,111,132,35.6
Thermal_128,18,23,32.0
Thermal_128,102,157,34.5
Thermal_128,70,19,30.3
Thermal_128,175,225,36.0
Thermal_128,76,87,32.0
Thermal_128,47,91,32.5
Thermal_128,78,195,34.4
Thermal_128,163,112,30.5
Thermal_50,21,234,22.9
Thermal_50,7,10,26.7
Thermal_50,119,25,29.6
Thermal_50,15,190,22.5
Thermal_50,103,109,25.6
Thermal_50,160,54,28.8
Thermal_50,37,8,26.7
Thermal_50,26,90,27.9
Thermal_50,121,236,25.3
Thermal_50,27,216,24.0
Thermal_12,147,44,20.7
Thermal_12,5,168,18.4
Thermal_12,174,118,19.7
Thermal_12,87,181,19.0
Thermal_12,64,97,21.7
Thermal_12,56,193,24.4
Thermal_12,5,213,25.9
Thermal_12,109,118,27.9
Thermal_12,40,186,24.8
Thermal_12,170,140,23.4
Thermal_90,87,135,36.2
Thermal_90,112,254,35.1
Thermal_90,126,186,33.7
Thermal_90,141,63,31.0
Thermal_90,137,9,30.8
Thermal_90,57,4,30.8
Thermal_90,10,92,31.5
Thermal_90,164,248,35.1
Thermal_90,111,242,33.3
Thermal_90,107,70,34.0
Thermal_124,151,235,36.7
Thermal_124,66,80,30.5
Thermal_124,56,9,23.0
Thermal_124,187,218,36.6
Thermal_124,41,81,30.3
Thermal_124,182,129,30.3
Thermal_124,143,53,25.0
Thermal_124,18,204,33.7
Thermal_124,189,25,22.0
Thermal_124,9,165,34.6
Thermal_232,137,210,32.2
Thermal_232,59,248,30.5
Thermal_232,137,71,31.6
Thermal_232,5,66,30.5
Thermal_232,64,186,30.9
Thermal_232,56,197,32.5
Thermal_232,113,116,31.5
Thermal_232,13,2,31.2
Thermal_232,40,187,33.4
Thermal_232,181,206,32.5
Thermal_89,138,1,31.1
Thermal_89,4,69,32.2
Thermal_89,45,147,34.1
Thermal_89,96,45,31.4
Thermal_89,38,191,32.9
Thermal_89,11,200,32.0
Thermal_89,159,246,32.7
Thermal_89,170,91,31.4
Thermal_89,69,44,31.4
Thermal_89,99,194,33.5
Thermal_48,143,124,34.1
Thermal_48,74,129,33.1
Thermal_48,65,151,33.1
Thermal_48,6,211,33.3
Thermal_48,144,181,32.9
Thermal_48,152,181,34.2
Thermal_48,191,198,33.4
Thermal_48,151,81,33.1
Thermal_48,185,121,33.0
Thermal_48,69,114,33.3
Thermal_66,128,173,28.8
Thermal_66,176,211,29.4
Thermal_66,163,123,27.0
Thermal_66,49,183,28.5
Thermal_66,26,133,27.0
Thermal_66,66,5,27.1
Thermal_66,179,186,29.3
Thermal_66,85,79,33.7
Thermal_66,188,0,27.5
Thermal_66,52,164,28.1
Thermal_233,98,95,31.1
Thermal_233,88,46,31.4
Thermal_233,139,100,32.9
Thermal_233,22,176,30.4
Thermal_233,75,0,31.9
Thermal_233,7,63,30.7
Thermal_233,171,154,32.9
Thermal_233,52,133,31.4
Thermal_233,16,222,30.9
Thermal_233,48,189,30.9
Thermal_24,55,187,31.7
Thermal_24,32,202,31.5
Thermal_24,73,198,31.4
Thermal_24,122,125,33.4
Thermal_24,65,229,32.0
Thermal_24,73,91,29.2
Thermal_24,111,243,33.5
Thermal_24,12,220,34.8
Thermal_24,175,244,35.5
Thermal_24,161,102,30.7
Thermal_31,122,207,33.6
Thermal_31,58,150,32.7
Thermal_31,135,93,34.1
Thermal_31,41,30,30.9
Thermal_31,85,138,33.1
Thermal_31,188,183,35.9
Thermal_31,132,136,33.1
Thermal_31,23,2,31.6
Thermal_31,98,100,32.4
Thermal_31,64,46,32.1
Thermal_57,9,5,27.4
Thermal_57,168,150,25.2
Thermal_57,13,7,27.4
Thermal_57,37,68,27.4
Thermal_57,34,204,24.7
Thermal_57,165,40,29.7
Thermal_57,98,191,27.2
Thermal_57,50,250,24.3
Thermal_57,120,182,27.2
Thermal_57,38,220,23.4
Thermal_42,42,118,32.6
Thermal_42,3,129,29.8
Thermal_42,58,148,33.0
Thermal_42,38,194,32.7
Thermal_42,84,218,32.2
Thermal_42,86,57,31.1
Thermal_42,150,166,33.5
Thermal_42,124,212,32.4
Thermal_42,67,186,31.9
Thermal_42,23,194,32.5
Thermal_147,14,48,32.7
Thermal_147,4,230,33.4
Thermal_147,154,179,32.2
Thermal_147,76,156,32.7
Thermal_147,69,89,32.7
Thermal_147,52,1,33.9
Thermal_147,61,169,31.7
Thermal_147,29,10,33.7
Thermal_147,85,144,32.2
Thermal_147,96,99,34.7
Thermal_65,138,30,27.2
Thermal_65,62,250,30.4
Thermal_65,187,232,31.5
Thermal_65,52,228,25.9
Thermal_65,121,88,28.0
Thermal_65,82,28,26.7
Thermal_65,83,226,28.0
Thermal_65,43,231,26.5
Thermal_65,81,26,26.7
Thermal_65,0,230,30.9
Thermal_75,135,126,32.7
Thermal_75,111,31,27.6
Thermal_75,3,149,27.2
Thermal_75,71,225,29.4
Thermal_75,109,133,32.6
Thermal_75,3,133,25.7
Thermal_75,82,48,33.4
Thermal_75,189,116,25.9
Thermal_75,55,120,30.1
Thermal_75,138,111,32.0
Thermal_34,166,0,29.2
Thermal_34,132,198,31.1
Thermal_34,118,119,31.9
Thermal_34,4,121,29.6
Thermal_34,49,211,32.0
Thermal_34,151,106,31.0
Thermal_34,111,12,28.7
Thermal_34,58,17,28.8
Thermal_34,128,207,30.7
Thermal_34,176,248,29.7
Thermal_210,185,107,30.0
Thermal_210,34,144,30.4
Thermal_210,140,156,33.1
Thermal_210,107,170,28.5
Thermal_210,143,31,29.1
Thermal_210,55,52,30.2
Thermal_210,94,91,29.5
Thermal_210,108,164,29.4
Thermal_210,173,117,30.2
Thermal_210,154,205,31.0
Thermal_229,179,10,32.3
Thermal_229,61,184,34.8
Thermal_229,27,10,31.6
Thermal_229,62,50,31.0
Thermal_229,69,62,31.1
Thermal_229,129,148,34.1
Thermal_229,173,186,32.0
Thermal_229,126,236,33.4
Thermal_229,52,132,34.1
Thermal_229,47,172,34.1
Thermal_85,7,135,25.9
Thermal_85,57,173,29.3
Thermal_85,170,76,27.5
Thermal_85,121,120,30.0
Thermal_85,89,41,27.5
Thermal_85,53,133,30.0
Thermal_85,45,125,29.9
Thermal_85,48,69,29.5
Thermal_85,173,172,26.5
Thermal_85,191,138,26.7
Thermal_15,148,180,26.4
Thermal_15,51,19,22.8
Thermal_15,121,131,28.2
Thermal_15,36,183,29.4
Thermal_15,35,3,23.3
Thermal_15,105,196,25.4
Thermal_15,15,28,22.5
Thermal_15,147,234,27.6
Thermal_15,90,183,26.9
Thermal_15,174,132,23.1
Thermal_84,123,250,27.2
Thermal_84,131,40,26.7
Thermal_84,183,115,26.7
Thermal_84,134,105,30.7
Thermal_84,43,241,28.3
Thermal_84,18,59,25.6
Thermal_84,52,12,25.9
Thermal_84,102,68,26.4
Thermal_84,1,59,25.5
Thermal_84,98,222,30.0
Thermal_102,175,200,31.9
Thermal_102,151,146,34.0
Thermal_102,189,93,30.7
Thermal_102,7,125,30.9
Thermal_102,93,36,31.7
Thermal_102,25,144,34.0
Thermal_102,160,204,32.9
Thermal_102,83,133,35.9
Thermal_102,23,242,34.6
Thermal_102,82,123,35.4
Thermal_91,53,211,33.3
Thermal_91,137,129,31.3
Thermal_91,37,200,33.4
Thermal_91,15,62,31.0
Thermal_91,35,45,33.1
Thermal_91,50,146,32.2
Thermal_91,159,250,34.2
Thermal_91,190,210,33.4
Thermal_91,32,70,31.5
Thermal_91,55,58,31.3
Thermal_115,177,13,21.6
Thermal_115,93,184,34.7
Thermal_115,165,214,35.2
Thermal_115,54,5,20.5
Thermal_115,1,33,23.1
Thermal_115,104,28,22.9
Thermal_115,153,251,35.4
Thermal_115,87,74,28.0
Thermal_115,177,75,30.3
Thermal_115,42,164,33.9
Thermal_67,115,249,24.2
Thermal_67,156,146,23.5
Thermal_67,4,134,23.2
Thermal_67,100,239,26.4
Thermal_67,175,208,25.6
Thermal_67,2,189,23.4
Thermal_67,176,91,26.7
Thermal_67,147,107,24.2
Thermal_67,51,253,29.3
Thermal_67,50,113,30.2
Thermal_145,185,119,30.6
Thermal_145,132,50,29.6
Thermal_145,191,201,34.4
Thermal_145,44,233,35.1
Thermal_145,8,28,33.1
Thermal_145,3,203,34.9
Thermal_145,171,242,35.7
Thermal_145,36,147,32.0
Thermal_145,106,195,33.7
Thermal_145,73,45,30.2
Thermal_132,155,1,28.8
Thermal_132,89,169,32.3
Thermal_132,19,197,30.8
Thermal_132,100,92,30.4
Thermal_132,114,161,31.1
Thermal_132,154,221,30.2
Thermal_132,121,75,30.1
Thermal_132,148,191,29.9
Thermal_132,44,29,29.7
Thermal_132,164,21,29.4
Thermal_183,106,169,29.8
Thermal_183,93,81,28.9
Thermal_183,19,61,29.0
Thermal_183,98,164,29.4
Thermal_183,70,249,29.5
Thermal_183,47,76,30.8
Thermal_183,104,165,30.1
Thermal_183,150,225,29.9
Thermal_183,30,204,29.6
Thermal_183,120,203,29.7
Thermal_226,81,211,34.7
Thermal_226,124,38,32.4
Thermal_226,3,202,32.8
Thermal_226,117,130,34.0
Thermal_226,107,240,33.5
Thermal_226,174,61,32.4
Thermal_226,79,34,32.2
Thermal_226,62,1,32.4
Thermal_226,157,174,33.4
Thermal_226,115,196,34.6
Thermal_107,173,218,37.0
Thermal_107,50,69,29.4
Thermal_107,90,94,31.4
Thermal_107,104,160,31.6
Thermal_107,33,106,30.5
Thermal_107,160,187,36.4
Thermal_107,133,37,24.9
Thermal_107,148,21,23.2
Thermal_107,75,23,23.9
Thermal_107,78,182,31.7
Thermal_188,164,138,30.4
Thermal_188,95,178,30.5
Thermal_188,124,43,30.9
Thermal_188,172,98,30.5
Thermal_188,149,130,30.1
Thermal_188,141,76,30.8
Thermal_188,44,111,30.3
Thermal_188,161,176,29.9
Thermal_188,17,243,30.1
Thermal_188,48,46,30.7
Thermal_140,85,136,33.4
Thermal_140,142,116,32.8
Thermal_140,67,98,31.4
Thermal_140,11,102,32.2
Thermal_140,190,95,31.9
Thermal_140,181,116,32.0
Thermal_140,179,251,34.2
Thermal_140,33,118,33.5
Thermal_140,65,132,33.5
Thermal_140,126,187,32.9
Thermal_202,73,247,27.9
Thermal_202,165,85,29.3
Thermal_202,85,57,30.8
Thermal_202,49,2,28.2
Thermal_202,89,57,29.8
Thermal_202,184,192,28.4
Thermal_202,33,224,29.4
Thermal_202,164,234,30.5
Thermal_202,158,31,28.9
Thermal_202,27,13,28.5
Thermal_146,106,18,28.0
Thermal_146,43,227,33.6
Thermal_146,128,151,31.7
Thermal_146,95,28,29.9
Thermal_146,158,57,29.3
Thermal_146,108,179,33.7
Thermal_146,108,1,28.5
Thermal_146,178,215,33.9
Thermal_146,133,82,30.6
Thermal_146,10,77,32.9
Thermal_199,59,0,31.4
Thermal_199,86,30,31.2
Thermal_199,46,122,34.4
Thermal_199,25,144,32.7
Thermal_199,178,222,31.5
Thermal_199,167,45,31.0
Thermal_199,154,141,32.4
Thermal_199,171,101,31.6
Thermal_199,15,78,30.9
Thermal_199,120,161,29.6
Thermal_58,82,128,25.2
Thermal_58,96,123,25.1
Thermal_58,94,244,29.2
Thermal_58,45,61,25.8
Thermal_58,27,134,25.0
Thermal_58,96,64,25.4
Thermal_58,48,244,27.4
Thermal_58,118,234,28.4
Thermal_58,64,81,27.1
Thermal_58,183,237,25.0
Thermal_93,189,184,31.7
Thermal_93,56,28,31.2
Thermal_93,51,228,34.2
Thermal_93,137,5,31.7
Thermal_93,156,23,32.0
Thermal_93,167,136,31.5
Thermal_93,69,144,32.1
Thermal_93,21,226,33.0
Thermal_93,9,120,31.7
Thermal_93,135,84,35.3
Thermal_74,185,201,26.9
Thermal_74,122,102,26.5
Thermal_74,157,48,26.4
Thermal_74,22,116,34.0
Thermal_74,99,88,28.2
Thermal_74,128,86,26.4
Thermal_74,187,177,26.7
Thermal_74,127,42,26.4
Thermal_74,158,126,26.7
Thermal_74,80,190,30.9
Thermal_228,154,92,32.4
Thermal_228,16,228,34.4
Thermal_228,182,149,32.4
Thermal_228,141,105,35.0
Thermal_228,171,177,33.4
Thermal_228,169,192,33.7
Thermal_228,55,143,35.0
Thermal_228,92,82,32.0
Thermal_228,130,132,34.9
Thermal_228,157,173,32.9
Thermal_43,151,253,31.9
Thermal_43,110,182,31.9
Thermal_43,26,152,35.2
Thermal_43,51,108,34.2
Thermal_43,134,146,31.6
Thermal_43,13,194,32.0
Thermal_43,73,181,33.1
Thermal_43,21,237,31.9
Thermal_43,94,29,31.6
Thermal_43,137,162,31.9
Thermal_59,137,120,22.6
Thermal_59,103,126,25.1
Thermal_59,131,161,24.0
Thermal_59,106,246,23.6
Thermal_59,117,192,23.7
Thermal_59,18,197,22.8
Thermal_59,59,172,23.5
Thermal_59,46,69,23.6
Thermal_59,116,169,23.9
Thermal_59,56,49,24.0
Thermal_148,10,238,32.4
Thermal_148,108,169,32.2
Thermal_148,48,103,29.2
Thermal_148,3,15,26.4
Thermal_148,7,247,32.8
Thermal_148,126,226,31.9
Thermal_148,50,89,29.2
Thermal_148,97,227,32.8
Thermal_148,96,189,32.0
Thermal_148,10,229,32.2
Thermal_174,135,82,32.8
Thermal_174,170,217,31.1
Thermal_174,153,226,31.0
Thermal_174,56,65,33.4
Thermal_174,89,211,31.2
Thermal_174,131,112,32.7
Thermal_174,36,103,30.1
Thermal_174,114,172,31.4
Thermal_174,3,208,30.9
Thermal_174,74,176,31.5
Thermal_130,21,161,31.0
Thermal_130,99,88,29.7
Thermal_130,45,64,31.4
Thermal_130,73,58,29.7
Thermal_130,88,179,31.1
Thermal_130,166,58,30.5
Thermal_130,0,151,31.7
Thermal_130,39,35,29.5
Thermal_130,186,137,32.2
Thermal_130,126,61,30.6
Thermal_221,21,31,31.4
Thermal_221,46,232,30.9
Thermal_221,34,236,30.9
Thermal_221,175,223,31.1
Thermal_221,75,1,31.5
Thermal_221,27,116,30.2
Thermal_221,78,137,32.8
Thermal_221,104,93,29.3
Thermal_221,33,64,31.2
Thermal_221,109,61,33.7
Thermal_161,13,127,33.5
Thermal_161,145,236,33.7
Thermal_161,139,146,31.5
Thermal_161,8,40,33.4
Thermal_161,83,138,32.4
Thermal_161,116,142,31.7
Thermal_161,27,178,32.1
Thermal_161,5,135,33.5
Thermal_161,132,73,33.9
Thermal_161,11,65,33.4
Thermal_212,22,46,28.9
Thermal_212,60,202,30.0
Thermal_212,116,26,28.4
Thermal_212,93,214,28.1
Thermal_212,190,145,29.4
Thermal_212,129,217,30.3
Thermal_212,116,240,29.9
Thermal_212,18,144,29.8
Thermal_212,138,35,28.5
Thermal_212,81,219,28.5
Thermal_45,145,217,31.1
Thermal_45,24,134,31.7
Thermal_45,106,36,30.9
Thermal_45,145,229,30.4
Thermal_45,148,184,32.2
Thermal_45,59,253,32.7
Thermal_45,189,94,28.6
Thermal_45,94,239,33.0
Thermal_45,24,173,33.0
Thermal_45,122,170,32.3
Thermal_117,24,141,33.7
Thermal_117,34,79,27.7
Thermal_117,132,128,28.5
Thermal_117,109,72,29.9
Thermal_117,20,161,34.2
Thermal_117,44,39,24.4
Thermal_117,140,204,28.3
Thermal_117,156,210,27.9
Thermal_117,82,165,33.1
Thermal_117,60,180,34.8
Thermal_155,154,145,35.6
Thermal_155,26,242,35.2
Thermal_155,175,57,35.3
Thermal_155,32,127,34.5
Thermal_155,130,34,33.3
Thermal_155,180,24,33.4
Thermal_155,139,159,36.2
Thermal_155,135,180,36.4
Thermal_155,169,211,35.0
Thermal_155,141,252,35.0
Thermal_108,145,143,32.0
Thermal_108,178,251,37.2
Thermal_108,87,48,32.5
Thermal_108,101,70,33.9
Thermal_108,44,255,33.9
Thermal_108,37,90,29.3
Thermal_108,22,102,29.8
Thermal_108,157,165,34.2
Thermal_108,97,97,33.9
Thermal_108,57,232,30.6
Thermal_144,110,78,31.7
Thermal_144,181,31,31.5
Thermal_144,46,140,32.0
Thermal_144,2,202,33.5
Thermal_144,113,241,33.5
Thermal_144,150,248,31.4
Thermal_144,106,30,30.9
Thermal_144,184,29,31.2
Thermal_144,56,102,30.4
Thermal_144,62,213,31.9
Thermal_26,44,165,31.7
Thermal_26,79,147,33.4
Thermal_26,140,242,36.0
Thermal_26,129,60,35.1
Thermal_26,181,98,34.3
Thermal_26,22,189,32.7
Thermal_26,50,167,32.0
Thermal_26,129,238,37.6
Thermal_26,156,181,33.6
Thermal_26,78,101,32.9
Thermal_236,62,218,32.5
Thermal_236,113,144,33.4
Thermal_236,168,25,32.2
Thermal_236,96,84,32.2
Thermal_236,190,57,32.2
Thermal_236,36,169,32.2
Thermal_236,106,174,32.2
Thermal_236,101,43,31.7
Thermal_236,153,100,31.6
Thermal_236,152,225,30.9
Thermal_227,171,78,34.4
Thermal_227,183,108,34.5
Thermal_227,56,229,36.0
Thermal_227,12,132,34.6
Thermal_227,118,178,35.9
Thermal_227,26,86,34.5
Thermal_227,43,77,34.4
Thermal_227,55,192,35.0
Thermal_227,80,12,34.4
Thermal_227,128,203,35.2
Thermal_96,75,6,31.3
Thermal_96,190,158,34.7
Thermal_96,176,38,31.7
Thermal_96,122,41,31.7
Thermal_96,142,90,32.3
Thermal_96,26,116,34.0
Thermal_96,166,180,35.5
Thermal_96,112,47,32.0
Thermal_96,61,79,31.9
Thermal_96,1,102,32.4
Thermal_37,114,237,30.4
Thermal_37,126,124,34.9
Thermal_37,26,90,31.4
Thermal_37,112,116,34.7
Thermal_37,184,16,30.4
Thermal_37,152,176,32.1
Thermal_37,19,45,31.2
Thermal_37,43,53,30.8
Thermal_37,57,71,31.1
Thermal_37,25,38,30.7
Thermal_178,74,117,34.0
Thermal_178,108,123,32.3
Thermal_178,39,92,32.2
Thermal_178,77,222,33.4
Thermal_178,129,20,31.4
Thermal_178,118,128,32.4
Thermal_178,170,102,32.1
Thermal_178,73,111,33.5
Thermal_178,88,238,33.5
Thermal_178,61,16,31.4
Thermal_49,161,111,28.9
Thermal_49,91,188,28.9
Thermal_49,61,29,27.4
Thermal_49,80,54,28.5
Thermal_49,104,46,30.5
Thermal_49,125,91,29.3
Thermal_49,43,145,28.4
Thermal_49,38,198,28.6
Thermal_49,113,159,29.3
Thermal_49,56,214,28.8
Thermal_143,30,204,32.9
Thermal_143,184,80,30.4
Thermal_143,178,195,32.8
Thermal_143,19,102,33.7
Thermal_143,93,252,32.1
Thermal_143,55,215,33.6
Thermal_143,132,254,31.5
Thermal_143,38,129,33.1
Thermal_143,111,214,34.6
Thermal_143,153,82,32.7
Thermal_131,110,228,30.5
Thermal_131,137,152,30.9
Thermal_131,28,175,32.4
Thermal_131,162,34,30.4
Thermal_131,6,52,29.1
Thermal_131,0,217,29.9
Thermal_131,21,208,33.5
Thermal_131,76,242,30.4
Thermal_131,189,76,30.4
Thermal_131,29,111,28.7
Thermal_195,118,34,31.6
Thermal_195,22,98,31.5
Thermal_195,105,34,31.5
Thermal_195,113,193,32.9
Thermal_195,93,183,32.8
Thermal_195,62,1,31.6
Thermal_195,142,112,30.8
Thermal_195,91,129,32.4
Thermal_195,190,91,31.5
Thermal_195,126,98,31.9
Thermal_152,56,145,27.0
Thermal_152,92,164,30.7
Thermal_152,54,23,28.4
Thermal_152,182,37,27.4
Thermal_152,186,254,27.5
Thermal_152,158,228,27.9
Thermal_152,41,227,27.7
Thermal_152,179,116,27.2
Thermal_152,85,241,31.9
Thermal_152,141,115,27.8
Thermal_92,31,229,31.7
Thermal_92,180,2,31.1
Thermal_92,90,173,36.5
Thermal_92,63,6,30.7
Thermal_92,10,116,30.6
Thermal_92,72,77,35.4
Thermal_92,76,255,33.2
Thermal_92,80,123,35.4
Thermal_92,68,182,33.9
Thermal_92,28,35,31.3
Thermal_235,17,235,30.7
Thermal_235,26,182,31.7
Thermal_235,33,99,33.5
Thermal_235,52,159,31.1
Thermal_235,10,55,30.5
Thermal_235,150,211,29.4
Thermal_235,24,104,33.4
Thermal_235,79,50,31.6
Thermal_235,168,5,33.7
Thermal_235,116,182,31.0
Thermal_21,0,229,36.0
Thermal_21,54,2,32.9
Thermal_21,115,86,33.4
Thermal_21,111,76,33.4
Thermal_21,191,115,36.6
Thermal_21,101,124,34.6
Thermal_21,54,5,32.6
Thermal_21,36,83,33.5
Thermal_21,40,84,33.9
Thermal_21,43,174,34.0
Thermal_25,91,250,33.7
Thermal_25,99,219,34.4
Thermal_25,171,202,32.5
Thermal_25,53,119,32.9
Thermal_25,176,1,32.0
Thermal_25,40,247,32.4
Thermal_25,35,73,31.6
Thermal_25,156,108,33.7
Thermal_25,135,120,34.0
Thermal_25,66,206,32.4
Thermal_156,67,161,33.6
Thermal_156,4,154,30.9
Thermal_156,19,54,31.2
Thermal_156,28,253,31.4
Thermal_156,157,41,33.0
Thermal_156,137,94,33.0
Thermal_156,60,147,33.1
Thermal_156,144,77,33.1
Thermal_156,183,182,31.5
Thermal_156,19,51,31.2
Thermal_2,189,117,25.4
Thermal_2,157,246,27.0
Thermal_2,138,75,32.4
Thermal_2,62,102,31.5
Thermal_2,83,166,30.2
Thermal_2,173,210,25.1
Thermal_2,126,56,25.5
Thermal_2,12,109,28.4
Thermal_2,62,128,27.9
Thermal_2,143,99,28.0
Thermal_5,45,168,27.1
Thermal_5,120,122,29.2
Thermal_5,122,107,30.7
Thermal_5,3,121,24.7
Thermal_5,25,222,22.5
Thermal_5,170,52,22.0
Thermal_5,18,166,24.5
Thermal_5,48,63,22.1
Thermal_5,19,23,21.0
Thermal_5,153,41,21.9
Thermal_116,57,91,29.4
Thermal_116,147,12,22.2
Thermal_116,172,118,30.9
Thermal_116,153,19,22.8
Thermal_116,123,192,35.2
Thermal_116,122,127,27.5
Thermal_116,91,185,35.1
Thermal_116,140,131,28.9
Thermal_116,47,176,34.9
Thermal_116,176,3,21.8
Thermal_181,28,237,32.0
Thermal_181,188,4,30.0
Thermal_181,176,215,32.3
Thermal_181,19,242,31.0
Thermal_181,186,212,33.0
Thermal_181,116,24,31.1
Thermal_181,17,56,30.5
Thermal_181,186,208,32.8
Thermal_181,117,196,32.7
Thermal_181,107,56,33.1
Thermal_54,20,78,22.5
Thermal_54,54,148,23.5
Thermal_54,170,154,22.5
Thermal_54,143,125,24.2
Thermal_54,116,122,26.9
Thermal_54,28,19,23.1
Thermal_54,116,224,20.9
Thermal_54,158,239,22.3
Thermal_54,38,122,21.1
Thermal_54,149,212,22.5
Thermal_204,122,179,34.6
Thermal_204,136,129,34.0
Thermal_204,179,71,30.8
Thermal_204,126,228,33.3
Thermal_204,135,107,33.1
Thermal_204,123,108,34.0
Thermal_204,103,212,34.2
Thermal_204,176,131,30.7
Thermal_204,77,108,31.5
Thermal_204,150,206,31.9
Thermal_105,13,57,25.9
Thermal_105,69,76,32.2
Thermal_105,184,180,33.1
Thermal_105,170,243,33.5
Thermal_105,182,143,33.5
Thermal_105,117,106,32.0
Thermal_105,115,39,23.5
Thermal_105,67,4,20.2
Thermal_105,81,168,35.0
Thermal_105,110,186,33.5
Thermal_104,89,100,32.1
Thermal_104,33,120,33.0
Thermal_104,186,126,32.2
Thermal_104,169,111,32.9
Thermal_104,16,20,25.9
Thermal_104,28,33,27.2
Thermal_104,39,123,32.7
Thermal_104,54,57,33.4
Thermal_104,130,121,33.0
Thermal_104,155,70,32.3
Thermal_83,115,23,26.2
Thermal_83,137,45,28.2
Thermal_83,4,99,24.8
Thermal_83,189,255,26.3
Thermal_83,191,92,29.4
Thermal_83,125,70,28.0
Thermal_83,135,179,26.4
Thermal_83,119,86,27.9
Thermal_83,52,110,32.4
Thermal_83,37,164,28.6
Thermal_194,140,230,29.6
Thermal_194,114,5,27.9
Thermal_194,127,184,30.0
Thermal_194,100,102,29.4
Thermal_194,89,79,29.1
Thermal_194,79,67,29.5
Thermal_194,56,75,29.0
Thermal_194,158,35,27.8
Thermal_194,171,7,28.6
Thermal_194,41,114,29.0
Thermal_200,96,200,31.5
Thermal_200,67,117,32.5
Thermal_200,103,81,31.6
Thermal_200,60,161,31.5
Thermal_200,87,86,31.5
Thermal_200,90,101,31.5
Thermal_200,135,132,33.3
Thermal_200,29,28,31.0
Thermal_200,30,96,31.1
Thermal_200,57,44,28.8
Thermal_63,153,170,28.4
Thermal_63,141,104,32.4
Thermal_63,99,118,24.8
Thermal_63,90,41,27.5
Thermal_63,48,209,27.5
Thermal_63,106,34,27.5
Thermal_63,35,167,28.8
Thermal_63,63,13,27.0
Thermal_63,67,225,28.3
Thermal_63,7,88,26.7
Thermal_18,159,224,23.9
Thermal_18,128,89,27.2
Thermal_18,38,31,24.9
Thermal_18,58,55,25.1
Thermal_18,71,220,29.1
Thermal_18,139,139,30.8
Thermal_18,122,242,23.6
Thermal_18,172,178,24.5
Thermal_18,66,13,25.1
Thermal_18,31,67,24.9
Thermal_142,19,211,32.4
Thermal_142,21,238,32.0
Thermal_142,184,128,31.7
Thermal_142,169,66,31.5
Thermal_142,184,145,32.2
Thermal_142,143,246,32.4
Thermal_142,0,142,33.4
Thermal_142,125,34,31.0
Thermal_142,156,78,31.5
Thermal_142,57,197,33.1
Thermal_114,53,228,31.1
Thermal_114,142,87,30.5
Thermal_114,93,183,30.1
Thermal_114,61,129,30.0
Thermal_114,32,245,36.2
Thermal_114,143,22,28.5
Thermal_114,91,140,29.9
Thermal_114,4,171,34.2
Thermal_114,43,31,23.5
Thermal_114,41,223,35.2
Thermal_22,56,5,23.8
Thermal_22,175,164,32.1
Thermal_22,72,204,31.0
Thermal_22,90,47,25.3
Thermal_22,68,151,30.0
Thermal_22,13,5,21.5
Thermal_22,100,16,21.9
Thermal_22,63,79,30.5
Thermal_22,160,200,29.9
Thermal_22,112,42,25.0
Thermal_237,45,241,33.5
Thermal_237,103,156,32.4
Thermal_237,128,193,31.9
Thermal_237,130,163,32.6
Thermal_237,137,178,32.2
Thermal_237,128,199,31.6
Thermal_237,0,48,31.0
Thermal_237,88,8,31.7
Thermal_237,69,224,32.3
Thermal_237,153,96,31.6
Thermal_35,75,183,31.7
Thermal_35,134,3,31.0
Thermal_35,163,118,31.2
Thermal_35,74,54,33.5
Thermal_35,20,210,30.4
Thermal_35,63,247,30.3
Thermal_35,182,182,30.9
Thermal_35,59,35,30.2
Thermal_35,12,98,30.5
Thermal_35,24,232,30.5
Thermal_177,64,176,31.5
Thermal_177,93,78,31.5
Thermal_177,24,85,30.5
Thermal_177,178,29,31.4
Thermal_177,170,199,30.9
Thermal_177,119,103,32.4
Thermal_177,52,182,30.9
Thermal_177,60,255,31.3
Thermal_177,109,220,32.3
Thermal_177,157,3,31.5
Thermal_76,79,71,32.9
Thermal_76,124,2,25.9
Thermal_76,76,249,30.9
Thermal_76,107,18,25.9
Thermal_76,154,98,26.5
Thermal_76,40,18,26.2
Thermal_76,137,219,34.4
Thermal_76,105,221,33.9
Thermal_76,154,154,26.8
Thermal_76,96,120,27.6
Thermal_222,47,166,30.5
Thermal_222,131,207,31.0
Thermal_222,22,106,31.5
Thermal_222,43,118,30.8
Thermal_222,11,103,30.5
Thermal_222,87,255,31.4
Thermal_222,153,198,31.4
Thermal_222,57,24,31.6
Thermal_222,125,51,33.0
Thermal_222,65,158,31.4
Thermal_113,105,214,30.4
Thermal_113,53,49,29.0
Thermal_113,66,245,31.0
Thermal_113,139,201,29.9
Thermal_113,112,233,30.9
Thermal_113,42,124,30.4
Thermal_113,69,70,29.9
Thermal_113,126,183,28.1
Thermal_113,73,218,31.5
Thermal_113,17,166,32.9
Thermal_135,41,251,32.7
Thermal_135,126,4,30.3
Thermal_135,107,198,33.1
Thermal_135,128,67,34.2
Thermal_135,21,2,30.5
Thermal_135,176,236,32.4
Thermal_135,57,23,30.7
Thermal_135,149,109,32.2
Thermal_135,40,31,31.1
Thermal_135,119,145,31.7
Thermal_19,100,249,24.6
Thermal_19,172,87,22.2
Thermal_19,107,240,21.5
Thermal_19,58,181,25.5
Thermal_19,23,221,25.4
Thermal_19,81,57,32.6
Thermal_19,71,74,31.3
Thermal_19,99,79,22.6
Thermal_19,139,38,25.4
Thermal_19,93,224,22.3
Thermal_68,173,154,24.0
Thermal_68,144,232,28.0
Thermal_68,164,149,23.6
Thermal_68,88,65,28.0
Thermal_68,20,75,24.4
Thermal_68,2,100,24.0
Thermal_68,62,196,27.4
Thermal_68,174,74,27.2
Thermal_68,137,222,28.8
Thermal_68,14,64,24.4
Thermal_169,112,73,31.5
Thermal_169,106,8,31.1
Thermal_169,29,139,29.9
Thermal_169,103,21,30.9
Thermal_169,163,145,30.5
Thermal_169,84,61,31.0
Thermal_169,10,117,30.1
Thermal_169,66,19,30.2
Thermal_169,95,230,30.9
Thermal_169,10,63,30.4
Thermal_192,85,186,30.1
Thermal_192,152,92,30.2
Thermal_192,130,24,30.4
Thermal_192,153,204,29.9
Thermal_192,22,36,30.0
Thermal_192,78,27,30.4
Thermal_192,109,98,31.0
Thermal_192,71,215,29.9
Thermal_192,97,149,30.7
Thermal_192,159,90,30.0
Thermal_137,75,28,30.0
Thermal_137,31,150,31.5
Thermal_137,80,8,29.9
Thermal_137,41,123,32.0
Thermal_137,84,42,30.4
Thermal_137,112,126,33.1
Thermal_137,11,91,30.9
Thermal_137,140,16,29.8
Thermal_137,125,127,32.4
Thermal_137,54,244,31.5
Thermal_189,99,218,30.0
Thermal_189,93,85,31.4
Thermal_189,168,114,29.9
Thermal_189,133,206,30.0
Thermal_189,141,171,30.1
Thermal_189,2,40,30.0
Thermal_189,181,221,30.0
Thermal_189,108,142,30.5
Thermal_189,43,69,30.4
Thermal_189,186,149,29.1
Thermal_39,101,55,31.4
Thermal_39,84,131,35.5
Thermal_39,21,244,32.0
Thermal_39,11,85,31.5
Thermal_39,148,61,31.4
Thermal_39,70,73,31.7
Thermal_39,60,110,32.0
Thermal_39,150,74,31.4
Thermal_39,19,60,31.3
Thermal_39,90,242,34.0
Thermal_154,81,164,35.6
Thermal_154,4,46,33.7
Thermal_154,12,170,34.6
Thermal_154,139,151,35.4
Thermal_154,86,31,34.5
Thermal_154,162,84,34.5
Thermal_154,26,136,35.1
Thermal_154,113,238,36.7
Thermal_154,130,135,35.9
Thermal_154,92,195,34.6
Thermal_224,11,190,30.9
Thermal_224,36,90,31.4
Thermal_224,107,13,32.0
Thermal_224,60,69,31.5
Thermal_224,17,143,30.3
Thermal_224,5,222,31.1
Thermal_224,173,250,30.9
Thermal_224,54,151,29.4
Thermal_224,103,218,31.4
Thermal_224,97,253,31.3
Thermal_239,124,184,32.7
Thermal_239,27,126,31.4
Thermal_239,116,60,30.3
Thermal_239,63,150,31.6
Thermal_239,36,246,30.8
Thermal_239,59,121,31.0
Thermal_239,33,220,30.5
Thermal_239,188,176,30.6
Thermal_239,51,131,33.1
Thermal_239,147,61,30.7
Thermal_214,10,80,28.3
Thermal_214,35,210,28.5
Thermal_214,63,45,26.9
Thermal_214,151,153,27.9
Thermal_214,154,130,27.9
Thermal_214,148,174,28.3
Thermal_214,185,85,26.7
Thermal_214,38,48,27.0
Thermal_214,118,75,28.0
Thermal_214,88,243,30.0
Thermal_100,56,76,33.1
Thermal_100,89,240,33.9
Thermal_100,73,126,34.2
Thermal_100,11,60,30.9
Thermal_100,51,240,33.9
Thermal_100,44,145,34.0
Thermal_100,31,119,31.5
Thermal_100,118,32,30.7
Thermal_100,71,159,34.9
Thermal_100,155,137,31.9
Thermal_4,34,218,29.0
Thermal_4,26,84,24.8
Thermal_4,35,130,32.8
Thermal_4,173,37,23.9
Thermal_4,160,211,30.9
Thermal_4,146,119,32.1
Thermal_4,174,23,23.9
Thermal_4,63,29,24.3
Thermal_4,50,169,31.4
Thermal_4,81,135,33.5
Thermal_33,27,221,31.7
Thermal_33,27,179,31.6
Thermal_33,109,178,32.9
Thermal_33,119,42,30.7
Thermal_33,2,149,32.7
Thermal_33,87,90,33.3
Thermal_33,81,233,32.4
Thermal_33,43,187,32.3
Thermal_33,163,100,32.0
Thermal_33,36,240,33.0
Thermal_6,114,64,25.4
Thermal_6,141,6,26.1
Thermal_6,115,175,30.9
Thermal_6,35,89,25.2
Thermal_6,153,77,25.5
Thermal_6,175,239,25.3
Thermal_6,46,253,24.7
Thermal_6,12,32,25.1
Thermal_6,61,16,26.2
Thermal_6,122,197,28.0
Thermal_166,110,160,31.9
Thermal_166,24,92,32.1
Thermal_166,99,11,33.5
Thermal_166,170,185,31.4
Thermal_166,26,182,30.4
Thermal_166,5,126,32.0
Thermal_166,99,242,32.3
Thermal_166,36,117,32.3
Thermal_166,22,12,32.7
Thermal_166,107,231,33.5
Thermal_27,132,190,28.8
Thermal_27,51,242,29.0
Thermal_27,154,118,28.9
Thermal_27,0,3,30.1
Thermal_27,50,75,30.4
Thermal_27,122,130,29.1
Thermal_27,15,34,33.5
Thermal_27,67,36,35.1
Thermal_27,151,213,28.4
Thermal_27,153,135,28.9
Thermal_171,19,191,30.4
Thermal_171,96,230,33.6
Thermal_171,119,134,32.0
Thermal_171,43,255,30.7
Thermal_171,135,205,30.5
Thermal_171,85,223,32.4
Thermal_171,157,240,30.7
Thermal_171,25,223,30.5
Thermal_171,103,202,32.4
Thermal_171,5,215,30.6
Thermal_109,122,118,28.0
Thermal_109,62,81,30.5
Thermal_109,184,186,36.5
Thermal_109,36,243,37.2
Thermal_109,11,171,36.0
Thermal_109,170,239,37.6
Thermal_109,51,13,24.6
Thermal_109,157,26,26.2
Thermal_109,65,170,34.9
Thermal_109,173,85,30.5
Thermal_120,49,181,32.0
Thermal_120,80,139,32.9
Thermal_120,94,177,32.2
Thermal_120,145,169,35.2
Thermal_120,49,153,35.7
Thermal_120,173,1,17.7
Thermal_120,112,210,32.7
Thermal_120,181,177,31.1
Thermal_120,11,66,22.6
Thermal_120,118,201,32.7
Thermal_88,160,113,33.0
Thermal_88,157,167,36.1
Thermal_88,99,164,34.7
Thermal_88,50,79,32.4
Thermal_88,172,170,36.0
Thermal_88,165,205,35.8
Thermal_88,122,24,34.3
Thermal_88,37,237,34.5
Thermal_88,31,239,35.7
Thermal_88,13,88,32.6
Thermal_28,54,38,34.1
Thermal_28,59,52,33.1
Thermal_28,116,204,29.2
Thermal_28,85,50,32.7
Thermal_28,163,234,28.5
Thermal_28,7,209,28.3
Thermal_28,36,193,28.5
Thermal_28,117,47,32.9
Thermal_28,12,177,28.3
Thermal_28,20,115,28.5
Thermal_218,180,161,31.4
Thermal_218,151,41,31.2
Thermal_218,101,142,31.1
Thermal_218,120,107,29.5
Thermal_218,49,82,32.1
Thermal_218,122,191,32.9
Thermal_218,111,131,28.5
Thermal_218,43,112,31.7
Thermal_218,145,225,32.7
Thermal_218,99,208,31.3
Thermal_36,70,214,31.6
Thermal_36,166,175,32.5
Thermal_36,121,80,32.0
Thermal_36,103,11,30.0
Thermal_36,121,77,34.1
Thermal_36,160,194,32.2
Thermal_36,120,47,32.9
Thermal_36,86,98,32.2
Thermal_36,8,145,30.3
Thermal_36,30,182,31.9
Thermal_170,33,3,30.8
Thermal_170,100,13,30.9
Thermal_170,27,88,30.4
Thermal_170,102,158,30.5
Thermal_170,100,107,30.7
Thermal_170,8,133,30.3
Thermal_170,130,254,30.7
Thermal_170,2,239,30.8
Thermal_170,15,53,30.4
Thermal_170,123,177,30.7
Thermal_14,133,115,25.0
Thermal_14,86,155,27.4
Thermal_14,74,30,21.9
Thermal_14,91,154,27.0
Thermal_14,104,115,26.3
Thermal_14,6,63,21.5
Thermal_14,0,0,23.5
Thermal_14,36,84,21.5
Thermal_14,87,107,26.9
Thermal_14,80,221,22.9
Thermal_165,9,221,31.1
Thermal_165,111,56,33.5
Thermal_165,148,46,33.9
Thermal_165,126,85,33.5
Thermal_165,104,185,31.9
Thermal_165,114,5,33.7
Thermal_165,149,20,33.9
Thermal_165,47,165,31.0
Thermal_165,75,141,35.1
Thermal_165,45,197,31.1
Thermal_168,150,194,31.0
Thermal_168,56,49,31.3
Thermal_168,147,140,33.9
Thermal_168,148,108,34.2
Thermal_168,125,104,34.0
Thermal_168,146,4,33.4
Thermal_168,61,239,32.1
Thermal_168,104,141,32.3
Thermal_168,61,168,30.1
Thermal_168,103,64,32.0
Thermal_138,168,76,31.0
Thermal_138,149,203,31.5
Thermal_138,132,71,31.0
Thermal_138,138,176,32.0
Thermal_138,182,188,31.5
Thermal_138,0,189,30.2
Thermal_138,2,138,30.9
Thermal_138,92,44,30.0
Thermal_138,31,221,31.7
Thermal_138,150,94,30.9
Thermal_118,160,131,30.8
Thermal_118,151,98,30.6
Thermal_118,7,188,34.8
Thermal_118,23,111,29.8
Thermal_118,91,6,20.8
Thermal_118,160,226,27.9
Thermal_118,18,10,21.5
Thermal_118,35,132,31.1
Thermal_118,16,230,35.5
Thermal_118,42,44,24.3
Thermal_219,135,76,34.1
Thermal_219,8,15,30.5
Thermal_219,25,171,30.2
Thermal_219,185,21,30.4
Thermal_219,31,142,31.6
Thermal_219,186,248,31.2
Thermal_219,127,15,30.0
Thermal_219,124,12,30.2
Thermal_219,32,79,29.9
Thermal_219,66,216,30.7
Thermal_125,189,6,32.6
Thermal_125,135,42,33.2
Thermal_125,17,138,33.2
Thermal_125,182,6,32.4
Thermal_125,183,179,34.1
Thermal_125,109,37,32.4
Thermal_125,32,253,33.6
Thermal_125,134,124,32.4
Thermal_125,2,50,32.0
Thermal_125,7,189,33.1
Thermal_220,174,21,30.0
Thermal_220,132,28,29.9
Thermal_220,61,12,30.3
Thermal_220,97,110,30.9
Thermal_220,10,78,29.5
Thermal_220,63,22,30.0
Thermal_220,24,62,30.7
Thermal_220,16,238,32.0
Thermal_220,109,45,30.1
Thermal_220,166,140,34.6
Thermal_205,126,189,33.5
Thermal_205,174,94,31.9
Thermal_205,127,175,33.7
Thermal_205,2,208,31.7
Thermal_205,185,147,31.3
Thermal_205,187,250,32.2
Thermal_205,136,4,30.2
Thermal_205,12,160,31.5
Thermal_205,19,48,33.3
Thermal_205,177,90,30.7
Thermal_213,136,174,29.7
Thermal_213,65,8,27.9
Thermal_213,171,80,27.1
Thermal_213,171,239,28.8
Thermal_213,143,103,28.8
Thermal_213,25,119,29.3
Thermal_213,93,200,27.2
Thermal_213,9,200,29.4
Thermal_213,142,253,29.2
Thermal_213,64,205,26.4
Thermal_11,162,206,21.6
Thermal_11,61,65,23.8
Thermal_11,132,107,26.4
Thermal_11,14,238,21.9
Thermal_11,173,19,23.2
Thermal_11,118,185,23.4
Thermal_11,128,116,26.7
Thermal_11,113,156,24.7
Thermal_11,42,227,23.0
Thermal_11,83,83,24.4
Thermal_81,125,232,29.2
Thermal_81,44,194,30.0
Thermal_81,178,247,25.8
Thermal_81,119,124,33.6
Thermal_81,122,46,26.2
Thermal_81,137,134,30.0
Thermal_81,176,146,25.6
Thermal_81,172,112,26.0
Thermal_81,151,227,27.8
Thermal_81,152,202,29.8
Thermal_40,160,102,29.7
Thermal_40,47,27,29.0
Thermal_40,55,102,32.3
Thermal_40,153,249,32.2
Thermal_40,127,67,29.7
Thermal_40,124,28,29.1
Thermal_40,21,243,30.5
Thermal_40,83,86,33.4
Thermal_40,40,26,29.1
Thermal_40,144,183,31.6
Thermal_41,187,241,31.0
Thermal_41,154,35,30.4
Thermal_41,114,208,31.7
Thermal_41,144,167,31.5
Thermal_41,49,47,30.8
Thermal_41,169,183,31.4
Thermal_41,69,212,32.6
Thermal_41,46,16,30.5
Thermal_41,30,132,32.5
Thermal_41,50,254,34.0
Thermal_151,169,105,29.2
Thermal_151,42,184,31.4
Thermal_151,52,75,33.5
Thermal_151,116,0,23.2
Thermal_151,79,100,32.1
Thermal_151,81,16,31.3
Thermal_151,187,61,27.2
Thermal_151,16,96,31.9
Thermal_151,2,160,32.7
Thermal_151,106,143,30.0
Thermal_139,130,101,30.2
Thermal_139,175,24,30.1
Thermal_139,102,203,31.4
Thermal_139,42,162,33.7
Thermal_139,13,12,29.9
Thermal_139,176,122,27.8
Thermal_139,122,145,30.9
Thermal_139,70,110,30.5
Thermal_139,108,143,28.5
Thermal_139,21,22,29.7
Thermal_60,98,72,27.2
Thermal_60,90,231,23.4
Thermal_60,88,160,27.6
Thermal_60,167,230,22.9
Thermal_60,150,38,24.0
Thermal_60,57,163,23.0
Thermal_60,12,204,22.7
Thermal_60,69,225,22.8
Thermal_60,119,225,22.7
Thermal_60,156,175,23.1
Thermal_29,121,70,32.6
Thermal_29,52,73,32.2
Thermal_29,186,214,28.9
Thermal_29,62,89,32.1
Thermal_29,72,129,31.7
Thermal_29,144,28,30.0
Thermal_29,191,120,29.4
Thermal_29,44,119,31.9
Thermal_29,15,2,36.0
Thermal_29,134,148,31.3
Thermal_20,42,98,22.0
Thermal_20,93,76,32.5
Thermal_20,118,109,21.6
Thermal_20,126,142,27.6
Thermal_20,15,67,22.1
Thermal_20,169,132,23.4
Thermal_20,114,226,29.6
Thermal_20,69,146,27.5
Thermal_20,10,226,22.1
Thermal_20,159,208,21.4
Thermal_133,158,213,30.5
Thermal_133,42,133,33.4
Thermal_133,81,252,31.5
Thermal_133,27,188,30.9
Thermal_133,83,182,32.7
Thermal_133,121,153,31.7
Thermal_133,83,3,28.9
Thermal_133,69,93,31.3
Thermal_133,167,2,28.3
Thermal_133,184,55,29.5
Thermal_51,17,76,23.5
Thermal_51,58,85,31.4
Thermal_51,105,147,29.1
Thermal_51,115,60,26.2
Thermal_51,145,53,26.4
Thermal_51,180,169,24.0
Thermal_51,161,208,27.2
Thermal_51,178,57,28.4
Thermal_51,83,143,26.1
Thermal_51,76,192,29.2
Thermal_77,39,186,30.1
Thermal_77,88,222,29.5
Thermal_77,87,2,26.1
Thermal_77,143,102,26.4
Thermal_77,168,158,26.4
Thermal_77,12,36,27.0
Thermal_77,21,94,26.6
Thermal_77,68,72,32.5
Thermal_77,162,155,26.4
Thermal_77,64,210,29.2
Thermal_215,189,172,27.9
Thermal_215,185,174,27.7
Thermal_215,143,213,28.4
Thermal_215,60,33,26.3
Thermal_215,62,220,28.1
Thermal_215,60,235,28.1
Thermal_215,97,46,27.1
Thermal_215,8,242,28.5
Thermal_215,121,33,27.7
Thermal_215,10,111,28.5
Thermal_179,23,4,30.6
Thermal_179,17,147,32.0
Thermal_179,40,197,31.7
Thermal_179,172,146,32.0
Thermal_179,125,238,32.7
Thermal_179,55,208,33.1
Thermal_179,27,57,31.4
Thermal_179,71,54,31.1
Thermal_179,24,234,32.1
Thermal_179,45,40,31.1
Thermal_38,38,242,34.1
Thermal_38,3,136,29.9
Thermal_38,108,216,34.0
Thermal_38,118,11,27.6
Thermal_38,76,151,32.8
Thermal_38,142,63,28.4
Thermal_38,21,16,28.7
Thermal_38,95,145,32.9
Thermal_38,167,219,32.8
Thermal_38,81,153,32.9
Thermal_32,94,133,33.1
Thermal_32,53,13,31.5
Thermal_32,132,135,34.2
Thermal_32,132,232,33.7
Thermal_32,178,244,34.0
Thermal_32,76,235,34.7
Thermal_32,190,47,32.0
Thermal_32,77,221,34.7
Thermal_32,75,248,34.6
Thermal_32,79,229,34.7
Thermal_9,111,31,24.7
Thermal_9,4,237,24.4
Thermal_9,93,120,30.4
Thermal_9,156,247,24.4
Thermal_9,15,217,23.8
Thermal_9,183,99,24.7
Thermal_9,18,114,24.2
Thermal_9,16,35,24.3
Thermal_9,159,32,24.7
Thermal_9,0,58,24.2
Thermal_186,51,159,30.5
Thermal_186,30,78,30.6
Thermal_186,57,254,30.9
Thermal_186,170,129,31.5
Thermal_186,10,42,30.5
Thermal_186,44,205,30.6
Thermal_186,90,56,31.0
Thermal_186,61,176,30.4
Thermal_186,153,238,31.2
Thermal_186,26,214,30.5
Thermal_71,66,19,27.6
Thermal_71,162,155,27.1
Thermal_71,9,80,28.2
Thermal_71,140,182,30.8
Thermal_71,47,124,31.4
Thermal_71,126,191,30.0
Thermal_71,119,127,33.4
Thermal_71,106,90,35.2
Thermal_71,176,62,27.5
Thermal_71,5,99,28.5
Thermal_70,106,95,35.1
Thermal_70,101,252,30.4
Thermal_70,191,228,27.2
Thermal_70,29,252,30.8
Thermal_70,94,147,34.7
Thermal_70,77,127,34.9
Thermal_70,30,157,25.9
Thermal_70,79,19,27.2
Thermal_70,148,130,24.9
Thermal_70,90,133,34.8
Thermal_8,181,57,26.1
Thermal_8,36,160,30.5
Thermal_8,32,114,24.7
Thermal_8,110,26,25.7
Thermal_8,78,183,25.5
Thermal_8,143,91,25.6
Thermal_8,109,117,25.3
Thermal_8,99,51,25.5
Thermal_8,87,29,25.5
Thermal_8,112,240,28.7
Thermal_13,15,12,23.3
Thermal_13,23,133,21.0
Thermal_13,145,113,22.4
Thermal_13,120,20,24.6
Thermal_13,65,195,21.5
Thermal_13,128,129,24.9
Thermal_13,184,49,24.7
Thermal_13,175,3,25.1
Thermal_13,130,113,25.6
Thermal_13,96,195,21.7
Thermal_223,79,2,31.9
Thermal_223,78,156,31.0
Thermal_223,97,71,31.5
Thermal_223,37,138,32.7
Thermal_223,96,102,31.4
Thermal_223,185,64,32.1
Thermal_223,14,0,32.2
Thermal_223,63,2,31.7
Thermal_223,59,228,31.3
Thermal_223,89,24,31.6
Thermal_98,147,176,35.0
Thermal_98,57,219,36.7
Thermal_98,158,194,33.6
Thermal_98,114,156,34.4
Thermal_98,73,192,34.6
Thermal_98,164,230,33.7
Thermal_98,136,255,34.3
Thermal_98,75,31,31.5
Thermal_98,185,209,34.2
Thermal_98,190,214,34.1
Thermal_79,101,185,29.9
Thermal_79,165,161,29.5
Thermal_79,151,42,28.5
Thermal_79,117,30,27.4
Thermal_79,42,126,25.5
Thermal_79,46,111,25.4
Thermal_79,175,234,28.4
Thermal_79,127,92,32.7
Thermal_79,85,181,29.5
Thermal_79,59,53,27.2
Thermal_87,45,108,34.6
Thermal_87,37,168,33.1
Thermal_87,38,48,32.1
Thermal_87,164,179,32.9
Thermal_87,12,230,33.0
Thermal_87,23,185,33.0
Thermal_87,49,132,34.2
Thermal_87,162,106,32.9
Thermal_87,108,175,34.9
Thermal_87,172,245,33.5
Thermal_121,27,8,30.0
Thermal_121,46,21,30.5
Thermal_121,11,172,31.9
Thermal_121,79,163,34.7
Thermal_121,140,18,24.6
Thermal_121,94,202,36.9
Thermal_121,38,63,31.5
Thermal_121,185,164,36.0
Thermal_121,112,166,34.5
Thermal_121,188,102,31.6
Thermal_175,159,99,33.6
Thermal_175,184,65,32.4
Thermal_175,7,182,31.5
Thermal_175,78,138,33.1
Thermal_175,140,69,32.0
Thermal_175,69,158,32.9
Thermal_175,134,130,32.6
Thermal_175,171,222,32.5
Thermal_175,104,226,31.0
Thermal_175,101,245,31.2
Thermal_187,169,189,30.1
Thermal_187,152,163,30.4
Thermal_187,66,170,30.1
Thermal_187,76,101,30.9
Thermal_187,37,186,30.1
Thermal_187,121,8,30.4
Thermal_187,168,39,30.5
Thermal_187,11,160,30.2
Thermal_187,103,192,30.4
Thermal_187,160,47,30.3
Thermal_158,5,199,30.5
Thermal_158,168,92,30.9
Thermal_158,169,20,31.4
Thermal_158,189,8,31.1
Thermal_158,9,86,30.5
Thermal_158,166,255,31.0
Thermal_158,1,137,30.7
Thermal_158,126,198,30.3
Thermal_158,168,165,30.5
Thermal_158,21,190,29.7
Thermal_52,57,11,26.4
Thermal_52,65,164,29.7
Thermal_52,75,85,28.2
Thermal_52,34,89,26.9
Thermal_52,172,193,24.4
Thermal_52,129,8,26.3
Thermal_52,41,175,27.9
Thermal_52,172,169,24.2
Thermal_52,142,201,29.8
Thermal_52,174,90,26.5
Thermal_30,13,27,30.9
Thermal_30,20,184,35.7
Thermal_30,99,54,34.7
Thermal_30,156,170,36.4
Thermal_30,77,27,30.9
Thermal_30,72,248,36.4
Thermal_30,161,19,33.4
Thermal_30,41,76,32.4
Thermal_30,99,220,36.4
Thermal_30,133,55,31.5
Thermal_197,102,108,31.2
Thermal_197,182,247,32.0
Thermal_197,124,57,26.4
Thermal_197,54,10,31.6
Thermal_197,161,216,31.5
Thermal_197,100,152,32.2
Thermal_197,164,22,31.1
Thermal_197,86,235,31.6
Thermal_197,80,234,31.6
Thermal_197,6,48,30.9
Thermal_185,140,157,32.4
Thermal_185,84,139,31.0
Thermal_185,182,156,31.4
Thermal_185,26,244,31.5
Thermal_185,134,99,31.5
Thermal_185,163,123,31.4
Thermal_185,60,127,31.2
Thermal_185,177,35,31.0
Thermal_185,49,24,30.4
Thermal_185,82,185,30.9
Thermal_190,53,38,30.3
Thermal_190,101,38,33.1
Thermal_190,141,16,30.3
Thermal_190,166,180,29.4
Thermal_190,9,146,29.9
Thermal_190,83,166,30.0
Thermal_190,120,73,31.4
Thermal_190,189,217,29.9
Thermal_190,103,88,30.9
Thermal_190,65,211,30.0
Thermal_10,130,171,29.5
Thermal_10,69,223,27.6
Thermal_10,109,109,30.2
Thermal_10,59,249,26.2
Thermal_10,74,106,24.9
Thermal_10,67,210,27.6
Thermal_10,125,72,32.7
Thermal_10,118,212,28.2
Thermal_10,118,219,28.5
Thermal_10,70,118,24.8
Thermal_160,130,168,33.4
Thermal_160,178,232,32.4
Thermal_160,154,82,33.1
Thermal_160,115,72,32.4
Thermal_160,70,226,34.9
Thermal_160,125,227,33.7
Thermal_160,82,241,33.4
Thermal_160,169,118,32.9
Thermal_160,183,210,32.2
Thermal_160,160,59,32.9
Thermal_206,49,76,29.5
Thermal_206,101,217,34.6
Thermal_206,54,177,33.4
Thermal_206,146,104,34.1
Thermal_206,72,62,29.5
Thermal_206,182,163,30.2
Thermal_206,178,66,30.4
Thermal_206,184,102,30.4
Thermal_206,163,241,29.9
Thermal_206,7,233,29.4
Thermal_23,134,41,31.4
Thermal_23,97,180,30.4
Thermal_23,24,216,32.1
Thermal_23,130,111,32.8
Thermal_23,121,124,31.2
Thermal_23,26,50,31.0
Thermal_23,23,224,33.0
Thermal_23,84,52,24.7
Thermal_23,29,133,32.2
Thermal_23,76,169,31.4
Thermal_72,36,189,27.4
Thermal_72,121,240,27.6
Thermal_72,6,70,27.1
Thermal_72,46,37,26.6
Thermal_72,29,114,34.0
Thermal_72,116,232,27.8
Thermal_72,81,144,28.3
Thermal_72,29,49,26.8
Thermal_72,18,29,26.9
Thermal_72,154,18,27.8
Thermal_180,23,217,31.4
Thermal_180,142,38,30.5
Thermal_180,79,141,32.7
Thermal_180,19,117,31.5
Thermal_180,136,205,32.4
Thermal_180,106,11,30.4
Thermal_180,23,152,31.5
Thermal_180,28,240,31.4
Thermal_180,36,138,31.5
Thermal_180,63,23,30.4
Thermal_119,78,87,35.4
Thermal_119,80,164,32.0
Thermal_119,48,177,31.9
Thermal_119,75,191,32.7
Thermal_119,178,226,33.4
Thermal_119,44,161,33.1
Thermal_119,151,108,26.0
Thermal_119,165,217,28.2
Thermal_119,143,176,32.1
Thermal_119,68,230,32.9
Thermal_80,105,159,32.3
Thermal_80,122,227,28.9
Thermal_80,4,127,25.9
Thermal_80,142,255,29.6
Thermal_80,121,0,26.7
Thermal_80,159,194,29.1
Thermal_80,81,209,28.3
Thermal_80,101,195,29.2
Thermal_80,79,158,33.4
Thermal_80,40,157,29.5
Thermal_231,56,188,33.7
Thermal_231,65,236,30.8
Thermal_231,128,149,31.4
Thermal_231,97,75,31.7
Thermal_231,181,222,31.3
Thermal_231,136,4,32.2
Thermal_231,98,110,32.7
Thermal_231,174,163,32.7
Thermal_231,36,127,31.0
Thermal_231,113,99,31.5
Thermal_150,21,120,31.9
Thermal_150,76,208,32.9
Thermal_150,133,236,33.9
Thermal_150,68,72,32.6
Thermal_150,58,166,32.7
Thermal_150,52,166,33.4
Thermal_150,162,93,28.8
Thermal_150,121,81,28.5
Thermal_150,181,158,29.8
Thermal_150,37,81,32.9
Thermal_211,190,58,28.6
Thermal_211,61,28,28.5
Thermal_211,187,63,28.9
Thermal_211,42,54,30.3
Thermal_211,59,104,30.4
Thermal_211,137,240,31.2
Thermal_211,143,183,31.0
Thermal_211,112,109,33.9
Thermal_211,129,222,30.2
Thermal_211,155,104,29.6
Thermal_123,63,156,35.9
Thermal_123,184,57,29.0
Thermal_123,42,183,37.2
Thermal_123,172,14,25.1
Thermal_123,154,60,30.2
Thermal_123,172,103,32.0
Thermal_123,18,53,30.5
Thermal_123,46,246,37.1
Thermal_123,1,154,29.0
Thermal_123,124,135,34.1
Thermal_163,140,74,33.1
Thermal_163,73,139,32.0
Thermal_163,53,149,32.3
Thermal_163,108,155,30.8
Thermal_163,45,100,30.7
Thermal_163,23,234,32.7
Thermal_163,129,190,31.5
Thermal_163,54,157,32.0
Thermal_163,68,63,31.7
Thermal_163,126,57,33.5
Thermal_129,126,9,31.0
Thermal_129,67,1,31.2
Thermal_129,59,112,32.3
Thermal_129,0,175,30.8
Thermal_129,182,214,31.6
Thermal_129,71,254,31.5
Thermal_129,22,85,30.5
Thermal_129,183,209,31.7
Thermal_129,14,29,30.4
Thermal_129,108,78,33.7
Thermal_101,23,181,34.1
Thermal_101,122,216,35.9
Thermal_101,74,193,33.4
Thermal_101,112,188,33.7
Thermal_101,65,177,33.7
Thermal_101,43,140,34.9
Thermal_101,21,150,32.2
Thermal_101,133,154,35.4
Thermal_101,63,208,34.0
Thermal_101,184,202,33.7
Thermal_159,47,28,34.0
Thermal_159,54,109,34.3
Thermal_159,163,71,33.5
Thermal_159,25,252,33.4
Thermal_159,58,36,34.2
Thermal_159,46,151,34.1
Thermal_159,15,130,33.9
Thermal_159,75,95,33.2
Thermal_159,162,24,33.7
Thermal_159,27,230,33.4
Thermal_176,64,125,33.9
Thermal_176,142,159,32.7
Thermal_176,28,105,34.0
Thermal_176,184,70,32.2
Thermal_176,83,15,31.4
Thermal_176,97,221,31.0
Thermal_176,28,4,31.4
Thermal_176,4,48,31.1
Thermal_176,117,103,31.7
Thermal_176,14,120,33.4
Thermal_193,130,122,29.3
Thermal_193,166,128,28.9
Thermal_193,170,14,28.4
Thermal_193,174,178,29.0
Thermal_193,86,7,28.0
Thermal_193,177,20,28.6
Thermal_193,122,144,29.4
Thermal_193,54,117,29.1
Thermal_193,153,29,27.9
Thermal_193,173,92,28.3
Thermal_56,14,79,24.0
Thermal_56,49,136,27.5
Thermal_56,162,118,23.5
Thermal_56,28,49,26.5
Thermal_56,144,152,24.3
Thermal_56,118,88,22.2
Thermal_56,142,123,23.6
Thermal_56,31,222,20.9
Thermal_56,91,107,27.2
Thermal_56,66,142,25.1
Thermal_53,114,194,22.2
Thermal_53,67,180,21.1
Thermal_53,104,224,23.7
Thermal_53,128,200,22.2
Thermal_53,119,190,22.2
Thermal_53,44,251,22.1
Thermal_53,51,132,24.6
Thermal_53,188,60,23.8
Thermal_53,1,208,21.7
Thermal_53,186,174,22.6
Thermal_162,39,226,33.2
Thermal_162,35,124,31.6
Thermal_162,126,122,32.3
Thermal_162,4,132,31.7
Thermal_162,38,127,32.0
Thermal_162,75,184,35.8
Thermal_162,69,244,32.4
Thermal_162,8,225,32.0
Thermal_162,183,152,31.7
Thermal_162,162,113,32.3
Thermal_191,106,41,30.0
Thermal_191,83,243,29.9
Thermal_191,148,241,29.9
Thermal_191,76,133,30.8
Thermal_191,108,125,30.7
Thermal_191,184,36,29.9
Thermal_191,42,60,30.5
Thermal_191,114,49,30.4
Thermal_191,126,75,30.4
Thermal_191,155,76,29.9
Thermal_94,37,186,34.6
Thermal_94,175,197,32.3
Thermal_94,130,119,31.5
Thermal_94,77,24,30.9
Thermal_94,77,185,33.7
Thermal_94,78,91,31.5
Thermal_94,90,217,33.5
Thermal_94,188,17,31.5
Thermal_94,26,59,31.4
Thermal_94,92,156,34.0
Thermal_103,74,111,33.4
Thermal_103,186,89,30.4
Thermal_103,84,162,31.9
Thermal_103,162,135,31.9
Thermal_103,75,132,33.5
Thermal_103,131,92,30.3
Thermal_103,75,145,34.4
Thermal_103,7,243,29.8
Thermal_103,73,15,29.8
Thermal_103,16,186,29.4
Thermal_55,177,238,22.6
Thermal_55,45,122,26.7
Thermal_55,153,25,23.8
Thermal_55,186,80,23.7
Thermal_55,27,66,25.8
Thermal_55,38,36,26.2
Thermal_55,148,35,23.8
Thermal_55,135,12,24.0
Thermal_55,31,84,25.5
Thermal_55,3,70,25.3
Thermal_73,171,126,27.0
Thermal_73,170,89,26.6
Thermal_73,156,5,26.8
Thermal_73,144,248,27.7
Thermal_73,54,97,33.7
Thermal_73,125,27,26.4
Thermal_73,112,81,26.6
Thermal_73,145,29,26.4
Thermal_73,160,126,26.9
Thermal_73,183,222,28.4
Thermal_134,187,124,30.8
Thermal_134,25,129,34.5
Thermal_134,137,30,30.9
Thermal_134,81,204,33.0
Thermal_134,65,33,31.5
Thermal_134,88,79,35.6
Thermal_134,191,109,29.9
Thermal_134,2,254,32.1
Thermal_134,19,119,33.1
Thermal_134,25,128,34.4
Thermal_16,149,21,23.3
Thermal_16,3,218,25.9
Thermal_16,112,245,25.2
Thermal_16,119,162,25.0
Thermal_16,167,237,26.0
Thermal_16,51,134,30.6
Thermal_16,11,175,27.7
Thermal_16,165,32,23.1
Thermal_16,137,98,23.0
Thermal_16,59,163,32.2
Thermal_203,53,11,27.9
Thermal_203,58,35,28.2
Thermal_203,174,234,32.6
Thermal_203,16,35,28.4
Thermal_203,121,40,28.5
Thermal_203,142,14,28.7
Thermal_203,133,159,33.4
Thermal_203,133,127,32.5
Thermal_203,82,209,28.2
Thermal_203,147,87,32.8
Thermal_78,104,212,27.9
Thermal_78,160,155,25.9
Thermal_78,131,35,27.4
Thermal_78,59,155,26.4
Thermal_78,63,126,32.7
Thermal_78,59,249,29.3
Thermal_78,157,10,29.0
Thermal_78,81,114,32.1
Thermal_78,51,38,25.9
Thermal_78,51,231,29.1
Thermal_136,159,167,32.3
Thermal_136,178,124,29.0
Thermal_136,111,171,32.7
Thermal_136,69,57,33.5
Thermal_136,166,146,32.4
Thermal_136,176,32,29.9
Thermal_136,34,34,30.1
Thermal_136,157,153,33.1
Thermal_136,10,191,32.0
Thermal_136,185,51,29.8
Thermal_95,97,246,34.4
Thermal_95,76,115,34.7
Thermal_95,107,148,33.9
Thermal_95,100,115,34.4
Thermal_95,133,197,34.2
Thermal_95,148,129,31.6
Thermal_95,14,22,31.1
Thermal_95,20,72,31.4
Thermal_95,37,10,31.0
Thermal_95,6,253,35.3
Thermal_141,169,253,31.3
Thermal_141,107,172,31.2
Thermal_141,62,138,31.0
Thermal_141,62,232,30.0
Thermal_141,180,237,30.3
Thermal_141,113,124,28.8
Thermal_141,112,202,30.4
Thermal_141,9,78,29.5
Thermal_141,83,157,32.4
Thermal_141,167,206,29.9
Thermal_17,95,92,22.7
Thermal_17,152,90,31.2
Thermal_17,110,236,22.8
Thermal_17,109,14,23.2
Thermal_17,149,45,23.5
Thermal_17,154,140,28.0
Thermal_17,177,5,23.9
Thermal_17,185,11,24.0
Thermal_17,135,58,23.4
Thermal_17,30,250,22.9
Thermal_61,102,151,28.4
Thermal_61,154,160,21.6
Thermal_61,63,36,23.3
Thermal_61,12,22,23.7
Thermal_61,148,55,24.0
Thermal_61,130,21,25.9
Thermal_61,133,190,25.5
Thermal_61,101,120,26.7
Thermal_61,1,107,20.9
Thermal_61,159,98,23.5
Thermal_208,17,58,29.0
Thermal_208,180,205,33.9
Thermal_208,177,186,33.9
Thermal_208,96,31,34.5
Thermal_208,62,0,29.9
Thermal_208,160,209,34.0
Thermal_208,101,93,34.4
Thermal_208,102,33,34.5
Thermal_208,146,94,29.7
Thermal_208,170,166,34.3
Thermal_3,64,165,26.8
Thermal_3,140,219,29.0
Thermal_3,166,33,26.1
Thermal_3,11,247,26.4
Thermal_3,96,75,29.7
Thermal_3,134,32,30.8
Thermal_3,137,92,32.7
Thermal_3,80,158,31.0
Thermal_3,26,72,26.7
Thermal_3,83,205,31.0
Thermal_46,111,215,32.5
Thermal_46,169,232,30.4
Thermal_46,19,29,24.3
Thermal_46,91,172,29.7
Thermal_46,177,65,27.9
Thermal_46,77,202,30.9
Thermal_46,89,197,30.0
Thermal_46,132,101,31.6
Thermal_46,139,36,25.2
Thermal_46,68,217,32.2
Thermal_157,151,211,32.3
Thermal_157,111,3,32.0
Thermal_157,114,255,32.2
Thermal_157,101,116,33.7
Thermal_157,166,37,32.2
Thermal_157,121,72,32.2
Thermal_157,83,68,33.7
Thermal_157,115,29,33.5
Thermal_157,46,35,31.2
Thermal_157,122,159,32.9
Thermal_209,69,180,32.9
Thermal_209,96,136,29.7
Thermal_209,47,246,31.4
Thermal_209,154,71,30.9
Thermal_209,134,151,32.0
Thermal_209,28,8,30.9
Thermal_209,3,137,31.5
Thermal_209,89,211,31.4
Thermal_209,83,51,33.5
Thermal_209,184,199,32.1
Thermal_1,189,75,25.7
Thermal_1,21,46,24.5
Thermal_1,104,35,25.4
Thermal_1,68,86,32.8
Thermal_1,25,52,24.6
Thermal_1,116,189,27.0
Thermal_1,59,7,25.5
Thermal_1,181,87,25.8
Thermal_1,6,212,28.0
Thermal_1,5,251,25.8
Thermal_112,134,198,35.9
Thermal_112,180,229,36.5
Thermal_112,57,135,29.3
Thermal_112,123,192,35.8
Thermal_112,136,176,34.0
Thermal_112,68,201,31.9
Thermal_112,82,4,29.4
Thermal_112,94,231,37.5
Thermal_112,157,246,36.9
Thermal_112,21,127,28.9
Thermal_126,132,118,33.9
Thermal_126,158,159,33.4
Thermal_126,33,241,35.8
Thermal_126,140,176,35.2
Thermal_126,172,34,31.6
Thermal_126,3,12,31.3
Thermal_126,8,174,32.2
Thermal_126,76,81,32.8
Thermal_126,169,100,32.2
Thermal_126,8,16,31.4
Thermal_225,10,115,31.4
Thermal_225,125,107,32.1
Thermal_225,79,77,31.6
Thermal_225,116,202,30.8
Thermal_225,184,216,31.9
Thermal_225,56,114,31.4
Thermal_225,35,84,31.5
Thermal_225,88,1,31.9
Thermal_225,8,97,31.1
Thermal_225,118,154,30.5
Thermal_153,72,41,34.5
Thermal_153,27,48,34.4
Thermal_153,161,2,33.7
Thermal_153,96,7,34.3
Thermal_153,62,93,36.6
Thermal_153,93,190,35.6
Thermal_153,186,238,35.4
Thermal_153,55,230,35.1
Thermal_153,45,164,35.0
Thermal_153,90,82,37.0
Thermal_216,175,168,27.7
Thermal_216,73,72,27.2
Thermal_216,69,10,26.0
Thermal_216,117,64,27.0
Thermal_216,132,177,29.5
Thermal_216,69,246,28.3
Thermal_216,61,129,27.8
Thermal_216,14,1,27.9
Thermal_216,140,237,28.0
Thermal_216,155,148,29.6
Thermal_111,176,110,30.3
Thermal_111,96,17,21.9
Thermal_111,72,28,23.2
Thermal_111,159,4,20.8
Thermal_111,16,179,34.9
Thermal_111,163,112,30.3
Thermal_111,85,255,33.4
Thermal_111,160,15,21.5
Thermal_111,64,18,21.8
Thermal_111,23,83,28.0
Thermal_240,160,57,30.8
Thermal_240,20,104,30.9
Thermal_240,175,99,30.4
Thermal_240,130,133,31.7
Thermal_240,160,8,31.9
Thermal_240,167,83,31.4
Thermal_240,96,34,30.5
Thermal_240,177,74,30.3
Thermal_240,77,169,31.4
Thermal_240,56,195,32.2
Thermal_7,63,9,26.0
Thermal_7,41,177,30.0
Thermal_7,71,41,25.5
Thermal_7,70,167,29.8
Thermal_7,84,162,28.1
Thermal_7,90,211,24.7
Thermal_7,62,208,24.9
Thermal_7,118,218,24.8
Thermal_7,108,108,28.8
Thermal_7,132,191,25.0
Thermal_44,185,78,28.9
Thermal_44,27,59,30.1
Thermal_44,19,46,29.6
Thermal_44,10,152,30.5
Thermal_44,2,225,30.8
Thermal_44,102,86,33.4
Thermal_44,189,107,29.3
Thermal_44,94,57,33.7
Thermal_44,48,130,33.4
Thermal_44,116,80,33.7
Thermal_201,143,237,30.4
Thermal_201,56,158,31.9
Thermal_201,25,1,29.1
Thermal_201,3,200,28.6
Thermal_201,141,15,29.9
Thermal_201,153,83,30.1
Thermal_201,40,236,29.5
Thermal_201,136,31,29.9
Thermal_201,114,216,31.9
Thermal_201,16,185,28.9
Thermal_127,86,96,36.1
Thermal_127,48,188,34.7
Thermal_127,138,132,32.2
Thermal_127,138,74,33.7
Thermal_127,54,139,32.0
Thermal_127,55,39,31.9
Thermal_127,140,3,31.9
Thermal_127,8,210,34.3
Thermal_127,2,95,32.0
Thermal_127,43,230,34.5
Thermal_198,70,172,31.9
Thermal_198,66,92,34.0
Thermal_198,162,140,32.0
Thermal_198,99,141,32.7
Thermal_198,186,48,31.4
Thermal_198,82,220,31.5
Thermal_198,76,206,31.6
Thermal_198,98,101,31.0
Thermal_198,161,138,32.0
Thermal_198,94,240,31.5
Thermal_196,108,127,31.6
Thermal_196,81,229,33.6
Thermal_196,79,254,34.0
Thermal_196,1,87,31.6
Thermal_196,42,171,32.1
Thermal_196,2,139,31.5
Thermal_196,155,196,33.1
Thermal_196,60,164,31.7
Thermal_196,51,12,31.9
Thermal_196,79,244,33.6
Thermal_62,152,253,22.8
Thermal_62,123,24,26.7
Thermal_62,132,67,24.6
Thermal_62,180,0,25.4
Thermal_62,69,231,27.8
Thermal_62,130,36,24.2
Thermal_62,152,116,29.0
Thermal_62,104,252,27.8
Thermal_62,55,16,23.0
Thermal_62,99,220,31.0
Thermal_230,8,172,33.3
Thermal_230,142,116,34.0
Thermal_230,32,183,33.4
Thermal_230,120,9,31.7
Thermal_230,107,15,31.5
Thermal_230,164,77,31.7
Thermal_230,82,172,32.8
Thermal_230,84,192,31.5
Thermal_230,125,42,31.5
Thermal_230,154,32,31.7
Thermal_97,9,17,29.3
Thermal_97,186,160,30.5
Thermal_97,91,16,29.0
Thermal_97,180,182,30.9
Thermal_97,68,80,32.2
Thermal_97,76,71,32.0
Thermal_97,176,151,32.7
Thermal_97,155,151,31.4
Thermal_97,155,124,30.5
Thermal_97,109,242,30.1
Thermal_86,41,233,29.9
Thermal_86,112,187,31.9
Thermal_86,9,124,30.4
Thermal_86,160,2,29.5
Thermal_86,13,251,29.8
Thermal_86,99,191,32.7
Thermal_86,151,49,29.5
Thermal_86,18,200,30.3
Thermal_86,191,114,30.5
Thermal_86,1,111,30.1
Thermal_234,99,195,31.6
Thermal_234,78,120,31.5
Thermal_234,110,94,32.0
Thermal_234,95,202,31.1
Thermal_234,102,53,32.0
Thermal_234,42,150,32.1
Thermal_234,56,219,31.2
Thermal_234,144,93,34.4
Thermal_234,166,103,33.1
Thermal_234,14,105,32.3
Thermal_182,31,213,30.3
Thermal_182,14,224,30.4
Thermal_182,145,147,30.4
Thermal_182,17,121,29.5
Thermal_182,76,98,30.7
Thermal_182,144,170,30.7
Thermal_182,127,21,29.1
Thermal_182,29,139,31.5
Thermal_182,174,147,29.9
Thermal_182,161,87,29.9
Thermal_69,62,111,26.3
Thermal_69,104,73,27.2
Thermal_69,155,6,27.1
Thermal_69,91,122,25.0
Thermal_69,144,31,26.9
Thermal_69,177,139,24.0
Thermal_69,106,73,27.2
Thermal_69,115,0,27.2
Thermal_69,32,145,27.7
Thermal_69,38,151,26.5
Thermal_164,4,209,31.3
Thermal_164,36,251,32.0
Thermal_164,18,237,31.6
Thermal_164,14,130,30.9
Thermal_164,172,230,31.0
Thermal_164,178,144,31.7
Thermal_164,177,98,32.4
Thermal_164,123,189,32.2
Thermal_164,54,119,32.1
Thermal_164,42,105,31.0
Thermal_149,108,52,33.9
Thermal_149,108,213,32.9
Thermal_149,69,182,31.0
Thermal_149,182,179,30.9
Thermal_149,95,98,33.4
Thermal_149,140,47,32.0
Thermal_149,71,41,31.2
Thermal_149,137,37,32.2
Thermal_149,133,28,32.2
Thermal_149,97,247,34.9
Thermal_238,130,253,32.4
Thermal_238,124,63,32.2
Thermal_238,96,58,32.2
Thermal_238,150,82,32.2
Thermal_238,132,163,32.2
Thermal_238,182,242,32.4
Thermal_238,118,94,32.2
Thermal_238,48,76,31.6
Thermal_238,56,136,33.5
Thermal_238,38,221,32.1
Thermal_184,189,44,31.5
Thermal_184,141,234,33.4
Thermal_184,21,104,31.5
Thermal_184,110,107,33.3
Thermal_184,167,82,31.4
Thermal_184,5,37,30.9
Thermal_184,104,21,31.1
Thermal_184,123,73,34.0
Thermal_184,27,215,31.6
Thermal_184,65,47,31.2
Thermal_64,95,8,26.7
Thermal_64,102,138,25.6
Thermal_64,52,87,26.6
Thermal_64,26,39,23.7
Thermal_64,86,38,25.1
Thermal_64,78,107,23.9
Thermal_64,77,103,24.6
Thermal_64,168,175,27.5
Thermal_64,66,156,25.1
Thermal_64,51,131,27.4
